<?xml version="1.0" encoding="UTF-8"?> <BizData xsi:schemaLocation="urn:iso:std:iso:20022:tech:xsd:head.003.001.01 head.003.001.01.xsd" xmlns="urn:iso:std:iso:20022:tech:xsd:head.003.001.01" xmlns:xsi=http://www.w3.org/2001/XMLSchema-instance><Hdr><AppHdr xmlns:xsi=http://www.w3.org/2001/XMLSchema-instance xmlns="urn:iso:std:iso:20022:tech:xsd:head.001.001.01" xsi:schemaLocation="urn:iso:std:iso:20022:tech:xsd:head.001.001.01 head.001.001.01_ESMAUG_1.0.0.xsd"> <Fr> <OrgId> <Id> <OrgId> <Othr> <Id>EU</Id> </Othr> </OrgId> </Id> </OrgId> </Fr> <To> <OrgId> <Id> <OrgId> <Othr> <Id>Public</Id> </Othr> </OrgId> </Id> </OrgId> </To> <BizMsgIdr>FULINS_C_20231125_01of01</BizMsgIdr> <MsgDefIdr>auth.017.001.02</MsgDefIdr> <CreDt>2023-11-25T08:03:58Z</CreDt> </AppHdr></Hdr><Pyld><Document xsi:schemaLocation="urn:iso:std:iso:20022:tech:xsd:auth.017.001.02 auth.017.001.02_ESMAUG_FULINS_1.1.0.xsd" xmlns="urn:iso:std:iso:20022:tech:xsd:auth.017.001.02" xmlns:xsi=http://www.w3.org/2001/XMLSchema-instance><FinInstrmRptgRefDataRpt><RptHdr><RptgNtty><NtlCmptntAuthrty>EU</NtlCmptntAuthrty></RptgNtty><RptgPrd><Dt>2023-11-25</Dt></RptgPrd></RptHdr>

<RefData>
    <FinInstrmGnlAttrbts>
        <Id>IE00B99FTC33</Id>
        <FullNm>POLEN CAPITAL INVESTMENT FUNDS PLC (THE "COMPANY") US Dollar Class (Retail)</FullNm>
        <ShrtNm>POLEN CAP/SHS USD</ShrtNm>
        <ClssfctnTp>CMXXXS</ClssfctnTp>
        <NtnlCcy>USD</NtnlCcy>
        <CmmdtyDerivInd>false</CmmdtyDerivInd>
    </FinInstrmGnlAttrbts>
    <Issr>635400U1N3D6XATWTX13</Issr>
    <TradgVnRltdAttrbts>
        <Id>XEYE</Id>
        <IssrReq>true</IssrReq>
        <AdmssnApprvlDtByIssr>2015-03-16T16:14:06Z</AdmssnApprvlDtByIssr>
        <FrstTradDt>2015-03-16T16:14:06Z</FrstTradDt>
    </TradgVnRltdAttrbts>
    <TechAttrbts>
        <IncnsstncyInd>false</IncnsstncyInd>
        <RlvntCmptntAuthrty>IE</RlvntCmptntAuthrty>
        <PblctnPrd>
            <FrDt>2023-03-23Z</FrDt>
        </PblctnPrd>
        <RlvntTradgVn>XEYE</RlvntTradgVn>
    </TechAttrbts>
</RefData>
 

<RefData>
    <FinInstrmGnlAttrbts>
        <Id>HK0000330156</Id>
        <FullNm>CSOP Hang Seng Index Daily -1x ETFS</FullNm>
        <ShrtNm>CSOPHSID-1XIP/UT HKD</ShrtNm>
        <ClssfctnTp>CIOJDS</ClssfctnTp>
        <NtnlCcy>HKD</NtnlCcy>
        <CmmdtyDerivInd>false</CmmdtyDerivInd>
    </FinInstrmGnlAttrbts>
    <Issr>254900L3RDBWAJM44B87</Issr>
    <TradgVnRltdAttrbts>
        <Id>BMTF</Id>
        <IssrReq>false</IssrReq>
        <FrstTradDt>2018-11-05T15:19:16.441Z</FrstTradDt>
    </TradgVnRltdAttrbts>
    <DerivInstrmAttrbts>
        <UndrlygInstrm>
            <Sngl>
                <ISIN>HK0000004322</ISIN>
            </Sngl>
        </UndrlygInstrm>
    </DerivInstrmAttrbts>
    <TechAttrbts>
        <IncnsstncyInd>false</IncnsstncyInd>
        <RlvntCmptntAuthrty>GB</RlvntCmptntAuthrty>
        <PblctnPrd>
            <FrDt>2022-02-09Z</FrDt>
        </PblctnPrd>
        <RlvntTradgVn>BMTF</RlvntTradgVn>
    </TechAttrbts>
</RefData>


<RefData>
    <FinInstrmGnlAttrbts>
        <Id>HK0000330157</Id>
        <FullNm>CSOP Hang Seng Index Daily -1x ETFS</FullNm>
        <ShrtNm>CSOPHSID-1XIP/UT HKD</ShrtNm>
        <ClssfctnTp>CIOJDS</ClssfctnTp>
        <NtnlCcy>HKD</NtnlCcy>
        <CmmdtyDerivInd>false</CmmdtyDerivInd>
    </FinInstrmGnlAttrbts>
    <Issr>254900L3RDBWAJM44B87</Issr>
    <TradgVnRltdAttrbts>
        <Id>BMTF</Id>
        <IssrReq>false</IssrReq>
        <FrstTradDt>2018-11-05T15:19:16.441Z</FrstTradDt>
    </TradgVnRltdAttrbts>
    <DerivInstrmAttrbts>
        <UndrlygInstrm>
            <Bskt>
                <ISIN>HK0000004323</ISIN>
            </Bskt>
        </UndrlygInstrm>
    </DerivInstrmAttrbts>
    <TechAttrbts>
        <IncnsstncyInd>false</IncnsstncyInd>
        <RlvntCmptntAuthrty>GB</RlvntCmptntAuthrty>
        <PblctnPrd>
            <FrDt>2022-02-09Z</FrDt>
        </PblctnPrd>
        <RlvntTradgVn>BMTF</RlvntTradgVn>
    </TechAttrbts>
</RefData>
 

<RefData>
    <FinInstrmGnlAttrbts>
        <Id>HK0000330158</Id>
        <FullNm>CSOP Hang Seng Index Daily -1x ETFS</FullNm>
        <ShrtNm>CSOPHSID-1XIP/UT HKD</ShrtNm>
        <ClssfctnTp>CIOJDS</ClssfctnTp>
        <NtnlCcy>HKD</NtnlCcy>
        <CmmdtyDerivInd>false</CmmdtyDerivInd>
    </FinInstrmGnlAttrbts>
    <Issr>254900L3RDBWAJM44B87</Issr>
    <TradgVnRltdAttrbts>
        <Id>BMTF</Id>
        <IssrReq>false</IssrReq>
        <FrstTradDt>2018-11-05T15:19:16.441Z</FrstTradDt>
        <TermntnDt>9999-12-31T13:00:00Z</TermntnDt>
    </TradgVnRltdAttrbts>
    <DerivInstrmAttrbts>
        <UndrlygInstrm>
            <Sngl>
                <Indx>
					<ISIN>HK0000004324</ISIN>
				</Indx>
            </Sngl>
        </UndrlygInstrm>
    </DerivInstrmAttrbts>
    <TechAttrbts>
        <IncnsstncyInd>false</IncnsstncyInd>
        <RlvntCmptntAuthrty>GB</RlvntCmptntAuthrty>
        <PblctnPrd>
            <FrDt>2022-02-09Z</FrDt>
        </PblctnPrd>
        <RlvntTradgVn>BMTF</RlvntTradgVn>
    </TechAttrbts>
</RefData>
</FinInstrmRptgRefDataRpt></Document></Pyld></BizData>